<?xml version="1.0" encoding="UTF-16" standalone="no" ?>
<!DOCTYPE Stromx SYSTEM "stromx.dtd">
<Stromx version="0.1.0">

  <Stream name="">
    <Operator id="0" name="" package="Base" type="Camera" version="0.1.0">
      <Parameter id="0">
        <Data file="stream_op0_parameter0.png" package="Base" type="Image" version="0.1.0">5 500 512</Data>
      </Parameter>
      <Parameter id="1">
        <Data package="Core" type="Enum" version="0.1.0">1</Data>
      </Parameter>
      <Parameter id="3">
        <Data package="Core" type="UInt32" version="0.1.0">10</Data>
      </Parameter>
      <Parameter id="7">
        <Data package="Core" type="Double" version="0.1.0">1</Data>
      </Parameter>
      <Parameter id="8">
        <Data package="Core" type="Double" version="0.1.0">1</Data>
      </Parameter>
      <Parameter id="9">
        <Data package="Core" type="Double" version="0.1.0">1</Data>
      </Parameter>
      <Parameter id="4">
        <Data package="Core" type="UInt32" version="0.1.0">1000</Data>
      </Parameter>
      <Parameter id="6">
        <Data package="Core" type="UInt32" version="0.1.0">2</Data>
      </Parameter>
      <Parameter id="5">
        <Data package="Core" type="UInt32" version="0.1.0">1000000</Data>
      </Parameter>
      <Parameter id="12">
        <Data package="Core" type="UInt32" version="0.1.0">500</Data>
      </Parameter>
      <Parameter id="13">
        <Data package="Core" type="UInt32" version="0.1.0">512</Data>
      </Parameter>
      <Parameter id="11">
        <Data package="Core" type="UInt32" version="0.1.0">0</Data>
      </Parameter>
      <Parameter id="10">
        <Data package="Core" type="UInt32" version="0.1.0">0</Data>
      </Parameter>
      <Parameter id="14">
        <Data package="Core" type="Enum" version="0.1.0">1</Data>
      </Parameter>
    </Operator>
    <Operator id="1" name="" package="Base" type="Buffer" version="0.1.0">
      <Parameter id="0">
        <Data package="Core" type="UInt32" version="0.1.0">2</Data>
      </Parameter>
      <Parameter id="1">
        <Data package="Core" type="UInt32" version="0.1.0">1000000</Data>
      </Parameter>
    </Operator>
    <Operator id="2" name="" package="Base" type="Canny" version="0.1.0">
      <Parameter id="0">
        <Data package="Core" type="Double" version="0.1.0">50</Data>
      </Parameter>
      <Parameter id="1">
        <Data package="Core" type="Double" version="0.1.0">150</Data>
      </Parameter>
      <Input id="0" operator="0" output="0"/>
      <Input id="1" operator="1" output="0"/>
    </Operator>
    <Operator id="3" name="" package="Core" type="Dump" version="0.1.0">
      <Input id="0" operator="0" output="1"/>
    </Operator>
    <Operator id="4" name="" package="Core" type="Dump" version="0.1.0">
      <Input id="0" operator="2" output="0"/>
    </Operator>
    <Thread name="Thread 1">
      <InputConnector input="0" operator="3"/>
      <InputConnector input="0" operator="2"/>
      <InputConnector input="1" operator="2"/>
      <InputConnector input="0" operator="4"/>
    </Thread>
  </Stream>

</Stromx>
<!--XML generated automatically by XmlWriter of the open source library Stromx-->
